datetime,region,delta_price,delta_demand
2025-09-11 00:30:00+00:00,NSW1,4.758355654853375,1476.0387475644038
2025-09-11 01:00:00+00:00,NSW1,15.100705608741627,740.6686853125511
2025-09-11 01:30:00+00:00,NSW1,9.903179766857406,788.4369281776608
2025-09-11 02:00:00+00:00,NSW1,14.689007400135324,675.7663775821011
2025-09-11 02:30:00+00:00,NSW1,18.151272930199575,904.8729020952796
2025-09-11 03:00:00+00:00,NSW1,20.13747916105877,219.6924304044087
2025-09-11 03:30:00+00:00,NSW1,18.59867758086267,780.6176145450622
2025-09-11 04:00:00+00:00,NSW1,13.501075495555853,578.1319087640832
2025-09-11 04:30:00+00:00,NSW1,14.601238009076553,543.1396921386036
2025-09-11 05:00:00+00:00,NSW1,-0.7658801245077811,800.3964802812825
2025-09-11 05:30:00+00:00,NSW1,10.972489557827643,424.0438535354724
2025-09-11 06:00:00+00:00,NSW1,20.47546267466616,485.0717992648897
2025-09-11 06:30:00+00:00,NSW1,14.981102627921551,1307.474990184015
2025-09-11 07:00:00+00:00,NSW1,109.8695502517343,1650.682218038246
2025-09-11 07:30:00+00:00,NSW1,105.5028882808025,1228.7416712840331
2025-09-11 08:00:00+00:00,NSW1,77.66074630688556,1145.5431860874069
2025-09-11 08:30:00+00:00,NSW1,91.42443779603713,2083.2507429217058
2025-09-11 09:00:00+00:00,NSW1,87.05836925626588,620.0054556001869
2025-09-11 09:30:00+00:00,NSW1,78.35659215658721,2356.258816830399
2025-09-11 10:00:00+00:00,NSW1,13.588100970504485,1403.6272979245377
2025-09-11 10:30:00+00:00,NSW1,12.110366757499527,786.3025050483202
2025-09-11 11:00:00+00:00,NSW1,13.714193920066975,995.8233596214332
2025-09-11 11:30:00+00:00,NSW1,22.34252517962726,1061.066018741758
2025-09-11 12:00:00+00:00,NSW1,19.18050571229977,959.1114389969525
2025-09-11 12:30:00+00:00,NSW1,12.213310128971656,903.5445924469132
2025-09-11 13:00:00+00:00,NSW1,15.361231687755705,624.0580047461099
2025-09-11 13:30:00+00:00,NSW1,10.588910876350468,1018.7218934200318
2025-09-11 14:00:00+00:00,NSW1,9.425465062295402,780.5180691626501
2025-09-11 14:30:00+00:00,NSW1,20.063952888192674,1461.6824570073713
2025-09-11 15:00:00+00:00,NSW1,28.062713117924226,1763.4013515552742
2025-09-11 15:30:00+00:00,NSW1,4.7206804673957805,531.3065081137493
2025-09-11 16:00:00+00:00,NSW1,15.076972920744204,1927.3870889425452
2025-09-11 16:30:00+00:00,NSW1,20.450434854733594,1303.2502950373964
2025-09-11 17:00:00+00:00,NSW1,152.8139344835111,1153.992262006259
2025-09-11 17:30:00+00:00,NSW1,101.55214656303637,704.7603477988978
2025-09-11 18:00:00+00:00,NSW1,92.90378185167796,1783.1548402767166
2025-09-11 18:30:00+00:00,NSW1,80.57380358466594,1169.2213659716017
2025-09-11 19:00:00+00:00,NSW1,145.4669908091845,1399.1691597550598
2025-09-11 19:30:00+00:00,NSW1,95.37864583595419,1338.667409310674
2025-09-11 20:00:00+00:00,NSW1,146.69159803426305,1244.9920570932609
2025-09-11 20:30:00+00:00,NSW1,93.73167583517377,1575.9576649166338
2025-09-11 21:00:00+00:00,NSW1,110.77830978778852,2222.5139388264524
2025-09-11 21:30:00+00:00,NSW1,95.68130574446646,1218.9470665671743
2025-09-11 22:00:00+00:00,NSW1,13.125196787354788,589.3553233456241
2025-09-11 22:30:00+00:00,NSW1,13.390620001583336,1228.273408451717
2025-09-11 23:00:00+00:00,NSW1,8.875820648547538,646.5424925870966
2025-09-11 23:30:00+00:00,NSW1,25.441085382068977,1350.5278903649178
2025-09-12 00:00:00+00:00,NSW1,19.81010215465163,1221.7038403648858
2025-09-12 00:30:00+00:00,NSW1,21.297582103338414,814.3786910188192
2025-09-12 01:00:00+00:00,NSW1,11.074024078164356,310.6611731162666
2025-09-12 01:30:00+00:00,NSW1,12.804443806531403,366.6514677590885
2025-09-12 02:00:00+00:00,NSW1,13.951438252430023,675.567721757966
2025-09-12 02:30:00+00:00,NSW1,14.10501770579316,665.0217033492859
2025-09-12 03:00:00+00:00,NSW1,16.950369934963256,188.26836931328944
2025-09-12 03:30:00+00:00,NSW1,11.44342054474211,918.3369276750973
2025-09-12 04:00:00+00:00,NSW1,20.171094413252654,964.8218148542855
2025-09-12 04:30:00+00:00,NSW1,14.1842307607265,288.3923303027236
2025-09-12 05:00:00+00:00,NSW1,9.489766927813498,648.5710060878928
2025-09-12 05:30:00+00:00,NSW1,6.983557440958322,485.3853001538964
2025-09-12 06:00:00+00:00,NSW1,16.26357589927025,1244.6107568901698
2025-09-12 06:30:00+00:00,NSW1,12.655140296597317,924.7680837353819
2025-09-12 07:00:00+00:00,NSW1,69.61713392477462,1097.502591431332
2025-09-12 07:30:00+00:00,NSW1,158.35284430001104,1386.5849331761274
2025-09-12 08:00:00+00:00,NSW1,120.58428002182987,995.01851157696
2025-09-12 08:30:00+00:00,NSW1,145.6631979927856,581.0259267402871
2025-09-12 09:00:00+00:00,NSW1,119.41951628203677,1089.9172236420436
2025-09-12 09:30:00+00:00,NSW1,79.89341819689182,2373.534801046091
2025-09-12 10:00:00+00:00,NSW1,19.4766347022261,1183.7469834645626
2025-09-12 10:30:00+00:00,NSW1,14.454634398822861,1714.1385562647483
2025-09-12 11:00:00+00:00,NSW1,16.086908627995342,1334.5031761444698
2025-09-12 11:30:00+00:00,NSW1,15.74995757378072,1089.072304045384
2025-09-12 12:00:00+00:00,NSW1,10.440304299555613,926.3387760041996
2025-09-12 12:30:00+00:00,NSW1,7.882247026214479,1644.585505876912
2025-09-12 13:00:00+00:00,NSW1,15.123300657752942,1548.7558109768333
2025-09-12 13:30:00+00:00,NSW1,18.019162338033965,1349.2632216391748
2025-09-12 14:00:00+00:00,NSW1,7.101701459653945,80.95032295895726
2025-09-12 14:30:00+00:00,NSW1,16.308048980903536,1568.9680962608672
2025-09-12 15:00:00+00:00,NSW1,17.912855125972087,961.3863213265922
2025-09-12 15:30:00+00:00,NSW1,18.47905019650289,1327.6317296488287
2025-09-12 16:00:00+00:00,NSW1,15.685065306542867,1095.2492920355453
2025-09-12 16:30:00+00:00,NSW1,9.256495902217587,1116.9520089403031
2025-09-12 17:00:00+00:00,NSW1,90.41059488256259,1414.4600230062824
2025-09-12 17:30:00+00:00,NSW1,143.43412602787276,1579.2215201141917
2025-09-12 18:00:00+00:00,NSW1,97.44824935386303,1598.0922541925993
2025-09-12 18:30:00+00:00,NSW1,123.57048765425833,2716.9737307525265
2025-09-12 19:00:00+00:00,NSW1,101.39578456004685,1863.2557278827298
2025-09-12 19:30:00+00:00,NSW1,128.4030474346511,1406.1423159469105
2025-09-12 20:00:00+00:00,NSW1,104.53323814156894,1318.699876425393
2025-09-12 20:30:00+00:00,NSW1,92.29462580647571,1315.6581104484903
2025-09-12 21:00:00+00:00,NSW1,139.06183827822449,1304.8480369494919
2025-09-12 21:30:00+00:00,NSW1,127.82201425503966,1564.169578923913
2025-09-12 22:00:00+00:00,NSW1,7.3218038469907185,1059.795476598265
2025-09-12 22:30:00+00:00,NSW1,19.103563164610833,1043.4736273810904
2025-09-12 23:00:00+00:00,NSW1,10.365238669922036,1189.3310673545411
2025-09-12 23:30:00+00:00,NSW1,28.93229788798196,1324.1149397708414
2025-09-13 00:00:00+00:00,NSW1,6.922627307655169,1391.414594062111
2025-09-13 00:30:00+00:00,NSW1,13.660929783521105,1006.8273590057252
2025-09-13 01:00:00+00:00,NSW1,11.802171541603492,697.6736573902745
2025-09-13 01:30:00+00:00,NSW1,16.430088394533037,554.3648074161852
2025-09-13 02:00:00+00:00,NSW1,17.352291510057462,484.8566283662226
2025-09-13 02:30:00+00:00,NSW1,15.904947087035104,671.8806238240691
2025-09-13 03:00:00+00:00,NSW1,17.352901378133907,524.822301233397
2025-09-13 03:30:00+00:00,NSW1,8.953241561351021,506.10962483749245
2025-09-13 04:00:00+00:00,NSW1,7.869781540089683,505.21791231447696
2025-09-13 04:30:00+00:00,NSW1,12.732445000062512,480.97023802014655
2025-09-13 05:00:00+00:00,NSW1,22.125472032839035,331.59553834542066
2025-09-13 05:30:00+00:00,NSW1,8.675834626223725,535.3107927448282
2025-09-13 06:00:00+00:00,NSW1,-0.8866465479391437,1237.0618406165431
2025-09-13 06:30:00+00:00,NSW1,6.4843865725045475,1217.1079847195779
2025-09-13 07:00:00+00:00,NSW1,63.40192394871666,822.7222746920634
2025-09-13 07:30:00+00:00,NSW1,105.88199924954296,1248.8763269787696
2025-09-13 08:00:00+00:00,NSW1,120.11294151544443,2002.144930771593
2025-09-13 08:30:00+00:00,NSW1,93.72491498589847,1492.397990798645
2025-09-13 09:00:00+00:00,NSW1,72.34893952432137,1330.7472772253786
2025-09-13 09:30:00+00:00,NSW1,62.00140073633722,1356.8007807310942
2025-09-13 10:00:00+00:00,NSW1,17.712192841058034,1146.5250134108246
2025-09-13 10:30:00+00:00,NSW1,8.420956142376951,1249.5364954665683
2025-09-13 11:00:00+00:00,NSW1,7.460146380881326,501.31029979092546
2025-09-13 11:30:00+00:00,NSW1,17.976403076116107,1244.942622655739
2025-09-13 12:00:00+00:00,NSW1,12.25375202100384,876.9547987750939
2025-09-13 12:30:00+00:00,NSW1,12.469780565711346,744.1786809955966
2025-09-13 13:00:00+00:00,NSW1,7.664992040507059,1375.5689568416801
2025-09-13 13:30:00+00:00,NSW1,14.170267214034368,910.1671030027055
2025-09-13 14:00:00+00:00,NSW1,16.66272926206078,1138.541095488783
2025-09-13 14:30:00+00:00,NSW1,12.153949834909966,857.600915771618
2025-09-13 15:00:00+00:00,NSW1,15.005949989585474,832.3444680413522
2025-09-13 15:30:00+00:00,NSW1,15.100016888725555,1035.2200851889947
2025-09-13 16:00:00+00:00,NSW1,10.133250585657862,789.1504833553008
2025-09-13 16:30:00+00:00,NSW1,13.813968885819506,215.2034494835716
2025-09-13 17:00:00+00:00,NSW1,96.18393370646527,1514.9923694666477
2025-09-13 17:30:00+00:00,NSW1,52.92766721480557,888.6849781281999
2025-09-13 18:00:00+00:00,NSW1,75.51183935674433,862.2009636177572
2025-09-13 18:30:00+00:00,NSW1,84.23674063675752,1061.9016803303193
2025-09-13 19:00:00+00:00,NSW1,108.10336910338177,1567.6983139793429
2025-09-13 19:30:00+00:00,NSW1,71.9991555168188,1271.4296844002884
2025-09-13 20:00:00+00:00,NSW1,53.747852692119515,484.59185022768906
2025-09-13 20:30:00+00:00,NSW1,64.06831694773898,1398.1371471210914
2025-09-13 21:00:00+00:00,NSW1,55.506925178915175,355.30832031884074
2025-09-13 21:30:00+00:00,NSW1,121.61914317642243,2127.7799975602593
2025-09-13 22:00:00+00:00,NSW1,17.005932590821786,1076.7666774972604
2025-09-13 22:30:00+00:00,NSW1,13.980326581717698,827.772331393101
2025-09-13 23:00:00+00:00,NSW1,10.763962129948098,1093.802204598178
2025-09-13 23:30:00+00:00,NSW1,14.251863102456468,1088.00783158798
2025-09-14 00:00:00+00:00,NSW1,11.898155058061597,1063.6759454090152
2025-09-14 00:30:00+00:00,NSW1,9.227537778487353,837.412388655499
2025-09-14 01:00:00+00:00,NSW1,12.654318513509473,353.1232026607172
2025-09-14 01:30:00+00:00,NSW1,12.779665790306801,534.4143314177227
2025-09-14 02:00:00+00:00,NSW1,12.377069668899907,518.72117132724
2025-09-14 02:30:00+00:00,NSW1,13.2778386955083,703.2626064319184
2025-09-14 03:00:00+00:00,NSW1,15.803997869822673,181.504544159734
2025-09-14 03:30:00+00:00,NSW1,11.882306345170534,230.2630255226777
2025-09-14 04:00:00+00:00,NSW1,8.807392389854101,480.5647426243031
2025-09-14 04:30:00+00:00,NSW1,9.953509466610498,551.404501079754
2025-09-14 05:00:00+00:00,NSW1,17.650418852074893,578.1724545599172
2025-09-14 05:30:00+00:00,NSW1,14.396271126987493,695.3998936112343
2025-09-14 06:00:00+00:00,NSW1,11.847208341953554,987.192681592267
2025-09-14 06:30:00+00:00,NSW1,10.09693306389591,1731.2584775800988
2025-09-14 07:00:00+00:00,NSW1,54.32465595679028,1208.9686337425737
2025-09-14 07:30:00+00:00,NSW1,123.76016003680537,1250.832858609384
2025-09-14 08:00:00+00:00,NSW1,77.61974540634513,1126.5772585855539
2025-09-14 08:30:00+00:00,NSW1,58.862119150368926,1030.9049708002913
2025-09-14 09:00:00+00:00,NSW1,100.87684601765838,1894.868903462634
2025-09-14 09:30:00+00:00,NSW1,97.50489160318048,1771.4900289373518
2025-09-14 10:00:00+00:00,NSW1,9.816428563024537,1153.084677023683
2025-09-14 10:30:00+00:00,NSW1,14.200629116297463,1203.9912624159988
2025-09-14 11:00:00+00:00,NSW1,18.839448386440466,558.0093464923666
2025-09-14 11:30:00+00:00,NSW1,15.270129748859901,961.9791206925747
2025-09-14 12:00:00+00:00,NSW1,6.383060451580484,733.9036091899106
2025-09-14 12:30:00+00:00,NSW1,13.56313975223739,727.8186234554842
2025-09-14 13:00:00+00:00,NSW1,10.842593021156766,1036.1424154329015
2025-09-14 13:30:00+00:00,NSW1,12.966888161462627,809.1329888403998
2025-09-14 14:00:00+00:00,NSW1,7.133963123774116,735.0804981942647
2025-09-14 14:30:00+00:00,NSW1,8.012696106472568,883.6285915620201
2025-09-14 15:00:00+00:00,NSW1,12.67167068417158,702.9097370753079
2025-09-14 15:30:00+00:00,NSW1,8.350256585725703,409.2880708501243
2025-09-14 16:00:00+00:00,NSW1,8.53527404096777,636.2740722061499
2025-09-14 16:30:00+00:00,NSW1,21.392528667752067,1130.889384039524
2025-09-14 17:00:00+00:00,NSW1,74.51066212504492,1262.3167269650194
2025-09-14 17:30:00+00:00,NSW1,92.31268639797369,1348.484834952401
2025-09-14 18:00:00+00:00,NSW1,65.31285128493047,949.9304391379437
2025-09-14 18:30:00+00:00,NSW1,96.47426560174132,1648.0776292486207
2025-09-14 19:00:00+00:00,NSW1,114.20452800587833,1593.0545949999641
2025-09-14 19:30:00+00:00,NSW1,51.847630839159166,1878.5337681899327
2025-09-14 20:00:00+00:00,NSW1,84.3765736142667,1267.2815938188269
2025-09-14 20:30:00+00:00,NSW1,125.6846729474038,1253.0348507915414
2025-09-14 21:00:00+00:00,NSW1,82.65803165446214,1191.7874551828527
2025-09-14 21:30:00+00:00,NSW1,86.54086951305183,1083.2063197011967
2025-09-14 22:00:00+00:00,NSW1,16.18174655291058,962.701018362196
2025-09-14 22:30:00+00:00,NSW1,4.48402360315319,586.0434606963918
2025-09-14 23:00:00+00:00,NSW1,7.045348010185471,896.263079612485
2025-09-14 23:30:00+00:00,NSW1,9.37061871005428,586.4884880392619
2025-09-15 00:00:00+00:00,NSW1,10.484210345572457,1868.047172398734
2025-09-15 00:30:00+00:00,NSW1,20.717135794589424,1670.5344559121158
2025-09-15 01:00:00+00:00,NSW1,13.07685017346224,700.2372523254353
2025-09-15 01:30:00+00:00,NSW1,16.7362510569519,346.74387331871185
2025-09-15 02:00:00+00:00,NSW1,9.902565041296931,896.0319958778018
2025-09-15 02:30:00+00:00,NSW1,13.170086795236173,837.16827732805
2025-09-15 03:00:00+00:00,NSW1,24.83214974524335,478.7544646247775
2025-09-15 03:30:00+00:00,NSW1,7.261773820721366,522.8291075823417
2025-09-15 04:00:00+00:00,NSW1,13.870022948087325,661.4270136417476
2025-09-15 04:30:00+00:00,NSW1,17.997982127533547,475.24539950187864
2025-09-15 05:00:00+00:00,NSW1,16.777330803536067,753.5935728232107
2025-09-15 05:30:00+00:00,NSW1,7.030620226768534,494.29545402091026
2025-09-15 06:00:00+00:00,NSW1,20.61132943853825,1538.2558385406128
2025-09-15 06:30:00+00:00,NSW1,13.707117518802193,783.9159089626373
2025-09-15 07:00:00+00:00,NSW1,85.41594280482502,748.3281814169186
2025-09-15 07:30:00+00:00,NSW1,99.40371680947435,1495.579259228607
2025-09-15 08:00:00+00:00,NSW1,56.31137901598786,1465.017715409018
2025-09-15 08:30:00+00:00,NSW1,144.69970264081684,881.8450461790362
2025-09-15 09:00:00+00:00,NSW1,122.60641787803628,960.3481482169627
2025-09-15 09:30:00+00:00,NSW1,58.81708483411721,1508.031467618548
2025-09-15 10:00:00+00:00,NSW1,18.25758047719475,855.525974623979
2025-09-15 10:30:00+00:00,NSW1,14.772015840111386,988.2381624718828
2025-09-15 11:00:00+00:00,NSW1,18.998288166861954,1507.9039785707464
2025-09-15 11:30:00+00:00,NSW1,5.77664711521404,580.0897743852283
2025-09-15 12:00:00+00:00,NSW1,7.745153620135447,1188.0262219078822
2025-09-15 12:30:00+00:00,NSW1,15.927812402635695,1550.8267798094348
2025-09-15 13:00:00+00:00,NSW1,13.04390789961964,859.3370036268152
2025-09-15 13:30:00+00:00,NSW1,14.712137785827963,1034.0347821768855
2025-09-15 14:00:00+00:00,NSW1,16.89501447332755,829.9031256490516
2025-09-15 14:30:00+00:00,NSW1,11.447946500294542,1558.1962187072359
2025-09-15 15:00:00+00:00,NSW1,18.449595994555025,981.7299167271121
2025-09-15 15:30:00+00:00,NSW1,20.170944177411492,1074.548831349497
2025-09-15 16:00:00+00:00,NSW1,21.202736477615247,1185.8825363910682
2025-09-15 16:30:00+00:00,NSW1,18.96868615745008,1562.3865344685419
2025-09-15 17:00:00+00:00,NSW1,105.38143634602423,1332.6988132567385
2025-09-15 17:30:00+00:00,NSW1,110.69084133353473,895.6955709072454
2025-09-15 18:00:00+00:00,NSW1,83.58624957895506,977.0925559457173
2025-09-15 18:30:00+00:00,NSW1,65.86231788843519,1396.0803805829455
2025-09-15 19:00:00+00:00,NSW1,191.90249351534607,1103.0037711065488
2025-09-15 19:30:00+00:00,NSW1,98.13550635103448,1093.6658022106785
2025-09-15 20:00:00+00:00,NSW1,115.30419147880677,1429.7460348522563
2025-09-15 20:30:00+00:00,NSW1,72.94146364378568,737.9636846990288
2025-09-15 21:00:00+00:00,NSW1,108.0064312887405,1374.3548464072137
2025-09-15 21:30:00+00:00,NSW1,104.2125783217027,1222.372411022452
2025-09-15 22:00:00+00:00,NSW1,17.607351665836376,1605.3858136257759
2025-09-15 22:30:00+00:00,NSW1,15.888062017253937,1398.5758203945088
2025-09-15 23:00:00+00:00,NSW1,20.515248155158396,1901.6117594141715
2025-09-15 23:30:00+00:00,NSW1,11.365744924496347,1895.7644001160397
2025-09-16 00:00:00+00:00,NSW1,30.806424130628706,812.1036665947422
2025-09-16 00:30:00+00:00,NSW1,11.690425927871438,919.6613697365456
2025-09-16 01:00:00+00:00,NSW1,9.693185387184656,408.5205902590551
2025-09-16 01:30:00+00:00,NSW1,17.791476308216815,661.4803190806397
2025-09-16 02:00:00+00:00,NSW1,16.117054075507617,456.4740436122738
2025-09-16 02:30:00+00:00,NSW1,16.97405996634899,708.0376561649027
2025-09-16 03:00:00+00:00,NSW1,11.064215390675983,421.74527797148494
2025-09-16 03:30:00+00:00,NSW1,11.713770948788508,727.1723405903658
2025-09-16 04:00:00+00:00,NSW1,7.548048242204935,739.2974742245233
2025-09-16 04:30:00+00:00,NSW1,17.243295407482513,706.9820271637491
2025-09-16 05:00:00+00:00,NSW1,9.911758086948716,360.3898501528806
2025-09-16 05:30:00+00:00,NSW1,23.69383525363292,711.1194699845946
2025-09-16 06:00:00+00:00,NSW1,24.6296139216319,846.7718944734197
2025-09-16 06:30:00+00:00,NSW1,12.297736226843746,1144.990916158018
2025-09-16 07:00:00+00:00,NSW1,122.68393918992626,1674.6613468913765
2025-09-16 07:30:00+00:00,NSW1,73.87896581090853,1636.4785213854775
2025-09-16 08:00:00+00:00,NSW1,147.83911896838146,1167.1878180656095
2025-09-16 08:30:00+00:00,NSW1,99.40044805173439,1418.192692854016
2025-09-16 09:00:00+00:00,NSW1,50.07472402927778,1517.7201543832598
2025-09-16 09:30:00+00:00,NSW1,94.53186150328744,1539.7706655580314
2025-09-16 10:00:00+00:00,NSW1,25.034028923147034,1072.6866252999025
2025-09-16 10:30:00+00:00,NSW1,15.613080373111508,2011.5250178339757
2025-09-16 11:00:00+00:00,NSW1,15.136608272309388,1025.3772343574574
2025-09-16 11:30:00+00:00,NSW1,13.285009998670667,1710.6577192918176
2025-09-16 12:00:00+00:00,NSW1,12.14637245377316,1057.2761403462855
2025-09-16 12:30:00+00:00,NSW1,13.971440417515204,741.2211722459078
2025-09-16 13:00:00+00:00,NSW1,13.90456859093598,1119.2475696800548
2025-09-16 13:30:00+00:00,NSW1,11.498726345039984,1114.0014630288788
2025-09-16 14:00:00+00:00,NSW1,7.710778421672416,922.6276946936987
2025-09-16 14:30:00+00:00,NSW1,18.564205938728172,989.9924536367907
2025-09-16 15:00:00+00:00,NSW1,16.117203845293737,1097.5603810053317
2025-09-16 15:30:00+00:00,NSW1,9.712209023590134,928.5779984887731
2025-09-16 16:00:00+00:00,NSW1,13.792735769957474,1711.061473042554
2025-09-16 16:30:00+00:00,NSW1,9.747574796125697,779.9972437425622
2025-09-16 17:00:00+00:00,NSW1,175.29395373025432,2069.0254684424635
2025-09-16 17:30:00+00:00,NSW1,157.984512657071,1596.8774484130627
2025-09-16 18:00:00+00:00,NSW1,148.90998972114545,1749.2887036001575
2025-09-16 18:30:00+00:00,NSW1,117.80553255317177,1441.213475212031
2025-09-16 19:00:00+00:00,NSW1,118.64469841760442,1800.039815991322
2025-09-16 19:30:00+00:00,NSW1,85.34886127677953,885.9339781444869
2025-09-16 20:00:00+00:00,NSW1,84.52873352133157,1047.337422005351
2025-09-16 20:30:00+00:00,NSW1,88.4904701727809,1803.936590922407
2025-09-16 21:00:00+00:00,NSW1,125.30428029762744,1438.0562457588294
2025-09-16 21:30:00+00:00,NSW1,52.66301391874195,1379.5707127902897
2025-09-16 22:00:00+00:00,NSW1,20.66428650513528,1419.5190624158486
2025-09-16 22:30:00+00:00,NSW1,32.477534388817865,426.3961412462868
2025-09-16 23:00:00+00:00,NSW1,10.515621406604431,778.3041043940475
2025-09-16 23:30:00+00:00,NSW1,11.569376404843801,1137.269618102404
2025-09-17 00:00:00+00:00,NSW1,15.156313549196177,656.3086326184311
2025-09-17 00:30:00+00:00,NSW1,14.321276409867615,1249.4969084972154
2025-09-17 01:00:00+00:00,NSW1,19.982667602562962,178.73746320361715
2025-09-17 01:30:00+00:00,NSW1,14.711717810353974,243.06750065523374
2025-09-17 02:00:00+00:00,NSW1,7.878637117124235,806.5406849131577
2025-09-17 02:30:00+00:00,NSW1,9.293347842331045,404.9119434711538
2025-09-17 03:00:00+00:00,NSW1,13.044594821875592,515.8950462059884
2025-09-17 03:30:00+00:00,NSW1,7.148022681036679,833.3142650199234
2025-09-17 04:00:00+00:00,NSW1,17.167424992334766,624.3878342496646
2025-09-17 04:30:00+00:00,NSW1,23.92203340561906,591.419145183836
2025-09-17 05:00:00+00:00,NSW1,8.597218737426097,486.23601263911314
2025-09-17 05:30:00+00:00,NSW1,21.2151691628571,803.0656398801129
2025-09-17 06:00:00+00:00,NSW1,8.809798293582638,635.0175395020515
2025-09-17 06:30:00+00:00,NSW1,6.315087681848745,1805.9107028196358
2025-09-17 07:00:00+00:00,NSW1,149.41550965699412,909.5529767202279
2025-09-17 07:30:00+00:00,NSW1,54.13222605506509,1653.4569616461922
2025-09-17 08:00:00+00:00,NSW1,150.78117978535434,2106.085451484987
2025-09-17 08:30:00+00:00,NSW1,144.5728852706115,1333.3187850806116
2025-09-17 09:00:00+00:00,NSW1,63.79691297491013,1265.3583527217143
2025-09-17 09:30:00+00:00,NSW1,197.25795280819375,2693.6761582844974
2025-09-17 10:00:00+00:00,NSW1,14.203251655381834,870.9103673144455
2025-09-17 10:30:00+00:00,NSW1,24.02697229326349,736.268657792576
2025-09-17 11:00:00+00:00,NSW1,3.751018013265245,344.9086396139155
2025-09-17 11:30:00+00:00,NSW1,13.007268655656993,911.765729113572
2025-09-17 12:00:00+00:00,NSW1,27.141306285972576,1086.0339667332782
2025-09-17 12:30:00+00:00,NSW1,25.49120409683468,801.6630803860317
2025-09-17 13:00:00+00:00,NSW1,10.105100917460177,698.3199591144639
2025-09-17 13:30:00+00:00,NSW1,11.342204061893838,847.0546675741934
2025-09-17 14:00:00+00:00,NSW1,18.771410221167606,1270.8584411442444
2025-09-17 14:30:00+00:00,NSW1,14.364775900694404,1284.2409122792778
2025-09-17 15:00:00+00:00,NSW1,14.741528507990246,1245.0612606483746
2025-09-17 15:30:00+00:00,NSW1,13.673059396234542,1116.635052331435
2025-09-17 16:00:00+00:00,NSW1,15.435200862017034,974.4970859545583
2025-09-17 16:30:00+00:00,NSW1,17.944566796877695,831.021632792671
2025-09-17 17:00:00+00:00,NSW1,156.05141412596572,1149.6006116086937
2025-09-17 17:30:00+00:00,NSW1,102.0556754163166,1324.024802537524
2025-09-17 18:00:00+00:00,NSW1,126.998444953058,1252.463096421052
2025-09-17 18:30:00+00:00,NSW1,109.23435572494661,1493.4025477576834
2025-09-17 19:00:00+00:00,NSW1,98.12552954625946,1528.8073528247296
2025-09-17 19:30:00+00:00,NSW1,104.788852444482,1584.3017206553923
2025-09-17 20:00:00+00:00,NSW1,115.823816029353,831.3052909019098
2025-09-17 20:30:00+00:00,NSW1,124.36611251204233,2111.8209214835824
2025-09-17 21:00:00+00:00,NSW1,151.73634486795936,1019.324708986629
2025-09-17 21:30:00+00:00,NSW1,147.6529174441897,1651.947270751054
2025-09-17 22:00:00+00:00,NSW1,10.284029751912122,1123.5135947916697
2025-09-17 22:30:00+00:00,NSW1,7.326494787292781,612.3309870485173
2025-09-17 23:00:00+00:00,NSW1,15.509554733533577,1254.3867164194044
2025-09-17 23:30:00+00:00,NSW1,23.13967040817949,1026.5757382621614
2025-09-18 00:00:00+00:00,NSW1,3.015945319630198,1553.5984000696735
2025-09-11 00:30:00+00:00,VIC1,16.813108539117188,710.6432089580148
2025-09-11 01:00:00+00:00,VIC1,11.257584838818865,518.9499667678397
2025-09-11 01:30:00+00:00,VIC1,11.254291756559788,563.2037950462454
2025-09-11 02:00:00+00:00,VIC1,18.25291312477679,748.0046308647302
2025-09-11 02:30:00+00:00,VIC1,16.424273139967482,633.8801901679271
2025-09-11 03:00:00+00:00,VIC1,11.784771065983122,961.8204146817188
2025-09-11 03:30:00+00:00,VIC1,18.125761248347125,577.3718948237965
2025-09-11 04:00:00+00:00,VIC1,17.214761915206566,780.3597350787768
2025-09-11 04:30:00+00:00,VIC1,14.202349679423733,754.4855825721143
2025-09-11 05:00:00+00:00,VIC1,2.964419752568837,632.1034055395612
2025-09-11 05:30:00+00:00,VIC1,19.238601923936017,605.2735284774476
2025-09-11 06:00:00+00:00,VIC1,14.93527157264164,981.9132156007054
2025-09-11 06:30:00+00:00,VIC1,7.615865793385488,394.23391959511173
2025-09-11 07:00:00+00:00,VIC1,108.00143768594279,959.4169342050955
2025-09-11 07:30:00+00:00,VIC1,119.36458374854817,1408.209452488887
2025-09-11 08:00:00+00:00,VIC1,142.1738310663997,1530.0476284588003
2025-09-11 08:30:00+00:00,VIC1,150.96303171473676,1675.8057724799928
2025-09-11 09:00:00+00:00,VIC1,125.75657849918265,919.4052504851334
2025-09-11 09:30:00+00:00,VIC1,137.59499630517496,1269.3329026837819
2025-09-11 10:00:00+00:00,VIC1,14.801608498120238,904.9831840809902
2025-09-11 10:30:00+00:00,VIC1,11.74154339000063,955.8486722163043
2025-09-11 11:00:00+00:00,VIC1,12.908117243849297,1066.98019267387
2025-09-11 11:30:00+00:00,VIC1,14.597255244807727,1218.9523054411438
2025-09-11 12:00:00+00:00,VIC1,23.81763302536794,1574.5479316586889
2025-09-11 12:30:00+00:00,VIC1,13.246704144559729,1252.3524195668933
2025-09-11 13:00:00+00:00,VIC1,19.816426271685764,794.2041292968906
2025-09-11 13:30:00+00:00,VIC1,11.180270006640079,1646.9964702801153
2025-09-11 14:00:00+00:00,VIC1,20.39390911967974,1211.09107830201
2025-09-11 14:30:00+00:00,VIC1,25.064794186545114,1053.5529195175504
2025-09-11 15:00:00+00:00,VIC1,18.47977049880941,954.8733172192551
2025-09-11 15:30:00+00:00,VIC1,3.1204535562732545,892.6798624826797
2025-09-11 16:00:00+00:00,VIC1,17.059747509871237,357.7461024215718
2025-09-11 16:30:00+00:00,VIC1,18.84718615921703,1320.6074905758878
2025-09-11 17:00:00+00:00,VIC1,62.60344985341772,1301.7053618366535
2025-09-11 17:30:00+00:00,VIC1,120.92910255304818,757.6006516887737
2025-09-11 18:00:00+00:00,VIC1,140.4923257941265,1170.9230860222597
2025-09-11 18:30:00+00:00,VIC1,123.12912544079177,1728.373650684367
2025-09-11 19:00:00+00:00,VIC1,148.57195798810227,973.0602234383114
2025-09-11 19:30:00+00:00,VIC1,108.14217643817831,704.4412660656417
2025-09-11 20:00:00+00:00,VIC1,116.08241058707362,1516.1962055744334
2025-09-11 20:30:00+00:00,VIC1,120.11746102726498,722.8778843310611
2025-09-11 21:00:00+00:00,VIC1,150.13592327510264,1989.2967390373415
2025-09-11 21:30:00+00:00,VIC1,88.01660677698399,2138.5592588446543
2025-09-11 22:00:00+00:00,VIC1,12.33323532273117,779.7250168487617
2025-09-11 22:30:00+00:00,VIC1,23.192843444127135,730.568793517311
2025-09-11 23:00:00+00:00,VIC1,12.372313265158404,1241.295575476266
2025-09-11 23:30:00+00:00,VIC1,13.840846349227903,956.7482261484429
2025-09-12 00:00:00+00:00,VIC1,11.071002756068886,844.5458449294465
2025-09-12 00:30:00+00:00,VIC1,20.862673815341203,1487.6864429083162
2025-09-12 01:00:00+00:00,VIC1,6.678367561913653,777.2139420889962
2025-09-12 01:30:00+00:00,VIC1,22.487623604881506,743.8198110922895
2025-09-12 02:00:00+00:00,VIC1,8.956343397414258,533.7700465541993
2025-09-12 02:30:00+00:00,VIC1,15.791360467824532,566.7717905418513
2025-09-12 03:00:00+00:00,VIC1,15.03996495910377,634.9234337406224
2025-09-12 03:30:00+00:00,VIC1,8.064949540495576,464.6999527251337
2025-09-12 04:00:00+00:00,VIC1,10.845427051686471,574.0162292432856
2025-09-12 04:30:00+00:00,VIC1,4.166488547301981,742.8351734529915
2025-09-12 05:00:00+00:00,VIC1,12.523554082235265,881.320348084032
2025-09-12 05:30:00+00:00,VIC1,8.053279626075778,602.2393623373364
2025-09-12 06:00:00+00:00,VIC1,15.34017260014003,705.2266800543894
2025-09-12 06:30:00+00:00,VIC1,22.11531913852827,1282.9452011322273
2025-09-12 07:00:00+00:00,VIC1,90.77987949595197,1587.4358249971156
2025-09-12 07:30:00+00:00,VIC1,63.86008076257309,790.0192939554036
2025-09-12 08:00:00+00:00,VIC1,130.38139835349858,1422.5668253130953
2025-09-12 08:30:00+00:00,VIC1,122.01670453785093,1162.6551584996032
2025-09-12 09:00:00+00:00,VIC1,125.7924314998943,2318.2713431735865
2025-09-12 09:30:00+00:00,VIC1,64.81216017753543,1245.6276895019964
2025-09-12 10:00:00+00:00,VIC1,7.373615738482798,1334.4175644563475
2025-09-12 10:30:00+00:00,VIC1,10.659379877823667,925.3100171661372
2025-09-12 11:00:00+00:00,VIC1,9.02474895552865,1643.5229371664245
2025-09-12 11:30:00+00:00,VIC1,21.88761733562759,1292.5141318283877
2025-09-12 12:00:00+00:00,VIC1,19.090095177336515,1109.2062603520253
2025-09-12 12:30:00+00:00,VIC1,18.386649680807494,443.8199444438551
2025-09-12 13:00:00+00:00,VIC1,6.430293573851195,634.2249103449521
2025-09-12 13:30:00+00:00,VIC1,19.73676511390181,1597.3113744995308
2025-09-12 14:00:00+00:00,VIC1,15.863294285796577,1020.5220632568253
2025-09-12 14:30:00+00:00,VIC1,22.524968270034847,1679.0962587831464
2025-09-12 15:00:00+00:00,VIC1,16.521075061491253,423.4407677292111
2025-09-12 15:30:00+00:00,VIC1,13.992530452220706,1039.140451045223
2025-09-12 16:00:00+00:00,VIC1,12.927778560877705,857.321075832916
2025-09-12 16:30:00+00:00,VIC1,20.405461696631953,554.0394010172467
2025-09-12 17:00:00+00:00,VIC1,126.48340389875763,1189.0213360887537
2025-09-12 17:30:00+00:00,VIC1,110.3063721887093,1094.3669194174436
2025-09-12 18:00:00+00:00,VIC1,73.93763700800434,792.8223206777875
2025-09-12 18:30:00+00:00,VIC1,156.57966171286802,908.1911087216849
2025-09-12 19:00:00+00:00,VIC1,80.5369463538183,1417.1446447439466
2025-09-12 19:30:00+00:00,VIC1,131.30297668391992,990.5046712671428
2025-09-12 20:00:00+00:00,VIC1,130.11157322271833,1781.6828884812512
2025-09-12 20:30:00+00:00,VIC1,100.09163952584372,636.0057330973214
2025-09-12 21:00:00+00:00,VIC1,71.43286252016355,2151.4744036589927
2025-09-12 21:30:00+00:00,VIC1,122.48324826229407,862.6395409770248
2025-09-12 22:00:00+00:00,VIC1,21.25135146807863,1005.9540362736798
2025-09-12 22:30:00+00:00,VIC1,17.93124898699063,984.1148565381718
2025-09-12 23:00:00+00:00,VIC1,14.597395597010795,667.7005854903764
2025-09-12 23:30:00+00:00,VIC1,9.596484365539588,1022.0728886118322
2025-09-13 00:00:00+00:00,VIC1,18.791311116150652,1376.9592039953413
2025-09-13 00:30:00+00:00,VIC1,16.380739084892788,950.134294715448
2025-09-13 01:00:00+00:00,VIC1,9.12812141364747,463.93629620266574
2025-09-13 01:30:00+00:00,VIC1,6.621131088934838,166.3331542129431
2025-09-13 02:00:00+00:00,VIC1,11.341700818679293,323.0641928669106
2025-09-13 02:30:00+00:00,VIC1,11.511489173589723,725.4101878709794
2025-09-13 03:00:00+00:00,VIC1,7.553315395773552,523.7622373564195
2025-09-13 03:30:00+00:00,VIC1,5.695468520789092,588.8514842214099
2025-09-13 04:00:00+00:00,VIC1,13.106375190650766,574.6161430054103
2025-09-13 04:30:00+00:00,VIC1,9.171482651715657,571.2825801254367
2025-09-13 05:00:00+00:00,VIC1,13.273732195727675,762.3736659162978
2025-09-13 05:30:00+00:00,VIC1,13.752282856606172,490.0246221201728
2025-09-13 06:00:00+00:00,VIC1,13.15919985131805,703.6526518409146
2025-09-13 06:30:00+00:00,VIC1,8.576725174000842,849.1032917113716
2025-09-13 07:00:00+00:00,VIC1,95.2958745745961,642.5681315471611
2025-09-13 07:30:00+00:00,VIC1,101.4093418352921,995.9360510154793
2025-09-13 08:00:00+00:00,VIC1,80.09040978713259,1283.8339378031696
2025-09-13 08:30:00+00:00,VIC1,92.63760628516022,1015.930780329044
2025-09-13 09:00:00+00:00,VIC1,113.20373550676169,971.605451318328
2025-09-13 09:30:00+00:00,VIC1,105.63158227246163,1427.7900097511629
2025-09-13 10:00:00+00:00,VIC1,12.543291788133985,1299.8157628183853
2025-09-13 10:30:00+00:00,VIC1,16.882183302556534,793.8448076496134
2025-09-13 11:00:00+00:00,VIC1,12.012442829632931,1031.03277424303
2025-09-13 11:30:00+00:00,VIC1,9.131799564090045,1138.400439373445
2025-09-13 12:00:00+00:00,VIC1,9.583527030718713,407.8667024913839
2025-09-13 12:30:00+00:00,VIC1,14.435047404922948,631.0492476526815
2025-09-13 13:00:00+00:00,VIC1,7.6473679186012475,1185.546709848927
2025-09-13 13:30:00+00:00,VIC1,14.200509264509897,758.1444708979288
2025-09-13 14:00:00+00:00,VIC1,6.69505860324778,434.6296189988889
2025-09-13 14:30:00+00:00,VIC1,9.227270282463017,956.4993379433481
2025-09-13 15:00:00+00:00,VIC1,12.012806656212746,1172.6125968732404
2025-09-13 15:30:00+00:00,VIC1,14.109862048263274,1108.9443568848765
2025-09-13 16:00:00+00:00,VIC1,9.033977298453713,930.0880317900264
2025-09-13 16:30:00+00:00,VIC1,17.33410792733912,696.3921950637387
2025-09-13 17:00:00+00:00,VIC1,71.33898515149343,541.3754881238501
2025-09-13 17:30:00+00:00,VIC1,73.92034609599699,853.2828045363594
2025-09-13 18:00:00+00:00,VIC1,108.4826345410654,1226.8292336188097
2025-09-13 18:30:00+00:00,VIC1,69.18242126934882,1537.1497731592208
2025-09-13 19:00:00+00:00,VIC1,68.00512713635362,1311.5496020431347
2025-09-13 19:30:00+00:00,VIC1,120.3047669439747,571.6064497430016
2025-09-13 20:00:00+00:00,VIC1,73.36137687001079,1528.7963259458547
2025-09-13 20:30:00+00:00,VIC1,129.51007925550692,828.665830374819
2025-09-13 21:00:00+00:00,VIC1,114.06914971922899,361.97355841261196
2025-09-13 21:30:00+00:00,VIC1,34.21343212936846,249.8581912797199
2025-09-13 22:00:00+00:00,VIC1,20.707065776298528,790.3898404200163
2025-09-13 22:30:00+00:00,VIC1,13.148320850663183,665.1485633649427
2025-09-13 23:00:00+00:00,VIC1,18.13368184888605,803.2127001842082
2025-09-13 23:30:00+00:00,VIC1,11.879409149611703,1300.8828139196276
2025-09-14 00:00:00+00:00,VIC1,14.335796196927163,1803.0347842749816
2025-09-14 00:30:00+00:00,VIC1,11.541251122313774,922.1883643491674
2025-09-14 01:00:00+00:00,VIC1,11.234413392851394,551.1989603542734
2025-09-14 01:30:00+00:00,VIC1,19.797065042028265,668.1789955699987
2025-09-14 02:00:00+00:00,VIC1,11.823231581646354,614.060730999468
2025-09-14 02:30:00+00:00,VIC1,8.07233370322578,478.93382578525325
2025-09-14 03:00:00+00:00,VIC1,12.633710329296655,616.4826797670353
2025-09-14 03:30:00+00:00,VIC1,11.998099765712858,738.7198836936232
2025-09-14 04:00:00+00:00,VIC1,15.415497697301667,404.6079849676162
2025-09-14 04:30:00+00:00,VIC1,11.143413180602444,489.83687257232714
2025-09-14 05:00:00+00:00,VIC1,21.025553897664636,759.9150002197757
2025-09-14 05:30:00+00:00,VIC1,13.342585063427585,790.7996867200454
2025-09-14 06:00:00+00:00,VIC1,6.788902378086945,1109.233936144251
2025-09-14 06:30:00+00:00,VIC1,14.942837614798101,876.3672336878699
2025-09-14 07:00:00+00:00,VIC1,40.75297871028761,1205.3978858652108
2025-09-14 07:30:00+00:00,VIC1,61.101341565558016,1282.3517666758007
2025-09-14 08:00:00+00:00,VIC1,64.96600275715815,623.461097976161
2025-09-14 08:30:00+00:00,VIC1,101.90721361958059,1229.6367483355043
2025-09-14 09:00:00+00:00,VIC1,45.36669749103447,440.9154918006725
2025-09-14 09:30:00+00:00,VIC1,89.60100039245407,1322.398940631495
2025-09-14 10:00:00+00:00,VIC1,19.511414638812674,708.7414088898986
2025-09-14 10:30:00+00:00,VIC1,9.815732741556864,450.9694950973744
2025-09-14 11:00:00+00:00,VIC1,14.889183924080399,419.4590944591473
2025-09-14 11:30:00+00:00,VIC1,19.841945713957124,547.8362472436811
2025-09-14 12:00:00+00:00,VIC1,9.697587547157106,1255.4501736284656
2025-09-14 12:30:00+00:00,VIC1,15.392200187134343,595.8675264306758
2025-09-14 13:00:00+00:00,VIC1,12.276098037294723,789.3241143671266
2025-09-14 13:30:00+00:00,VIC1,11.807125200232115,994.6284759117625
2025-09-14 14:00:00+00:00,VIC1,7.0087544128673755,1447.9776770252838
2025-09-14 14:30:00+00:00,VIC1,15.170185813260865,845.9629419538915
2025-09-14 15:00:00+00:00,VIC1,8.775344283916212,828.3151418077705
2025-09-14 15:30:00+00:00,VIC1,14.87662629502158,827.766137589917
2025-09-14 16:00:00+00:00,VIC1,15.439134527725301,427.8846684494383
2025-09-14 16:30:00+00:00,VIC1,16.43791640832123,1334.3269324689672
2025-09-14 17:00:00+00:00,VIC1,93.7333791357261,1809.2280560152885
2025-09-14 17:30:00+00:00,VIC1,45.064056543682334,1184.9496330395941
2025-09-14 18:00:00+00:00,VIC1,147.70852308445055,1285.852296807503
2025-09-14 18:30:00+00:00,VIC1,87.35739845259667,1564.917809784888
2025-09-14 19:00:00+00:00,VIC1,111.75847244258827,1560.6645226909477
2025-09-14 19:30:00+00:00,VIC1,51.48295550380362,1435.489890082401
2025-09-14 20:00:00+00:00,VIC1,75.70258738117754,1711.4342172331735
2025-09-14 20:30:00+00:00,VIC1,47.64912497936071,1188.5045928453983
2025-09-14 21:00:00+00:00,VIC1,64.47667471861405,1419.5836637407729
2025-09-14 21:30:00+00:00,VIC1,51.13654664351007,636.5165478363488
2025-09-14 22:00:00+00:00,VIC1,14.816870217258028,925.7569569295001
2025-09-14 22:30:00+00:00,VIC1,7.942108508988412,891.6866847854781
2025-09-14 23:00:00+00:00,VIC1,9.453952897875872,1025.707190493753
2025-09-14 23:30:00+00:00,VIC1,7.266463414017906,913.3480831034394
2025-09-15 00:00:00+00:00,VIC1,18.20364329625363,1130.8987235998857
2025-09-15 00:30:00+00:00,VIC1,13.18146823173116,355.3655821959301
2025-09-15 01:00:00+00:00,VIC1,15.573895867094897,541.3493966086135
2025-09-15 01:30:00+00:00,VIC1,9.81621999483184,354.73730808894015
2025-09-15 02:00:00+00:00,VIC1,21.798173957282934,462.86020303969053
2025-09-15 02:30:00+00:00,VIC1,15.604186871509881,611.5547603126743
2025-09-15 03:00:00+00:00,VIC1,10.280168595824989,226.41021665790322
2025-09-15 03:30:00+00:00,VIC1,14.327869069816671,306.3056048835897
2025-09-15 04:00:00+00:00,VIC1,17.559026255703614,211.59334009528266
2025-09-15 04:30:00+00:00,VIC1,20.262194681480842,885.8400514931709
2025-09-15 05:00:00+00:00,VIC1,20.7516338820852,252.66998694122822
2025-09-15 05:30:00+00:00,VIC1,11.612377010704826,355.78319753709457
2025-09-15 06:00:00+00:00,VIC1,15.528174643009528,1547.0646023956833
2025-09-15 06:30:00+00:00,VIC1,18.32285259397245,923.9369927371918
2025-09-15 07:00:00+00:00,VIC1,110.28115528955243,1020.5583920774916
2025-09-15 07:30:00+00:00,VIC1,92.74073556984851,1470.646968405912
2025-09-15 08:00:00+00:00,VIC1,95.99565306098161,1917.7162301759927
2025-09-15 08:30:00+00:00,VIC1,88.68826354373873,1422.6875837016796
2025-09-15 09:00:00+00:00,VIC1,78.1554611885926,1906.7615551323524
2025-09-15 09:30:00+00:00,VIC1,102.39317112480754,528.8266188822981
2025-09-15 10:00:00+00:00,VIC1,8.195733667450583,1580.563008869739
2025-09-15 10:30:00+00:00,VIC1,13.773706030335696,1360.7042180484605
2025-09-15 11:00:00+00:00,VIC1,16.468933259831303,834.8965641122486
2025-09-15 11:30:00+00:00,VIC1,12.570497551592297,1177.8005051850387
2025-09-15 12:00:00+00:00,VIC1,10.829278235741747,1364.8174144287414
2025-09-15 12:30:00+00:00,VIC1,11.285921607899049,1547.829177569689
2025-09-15 13:00:00+00:00,VIC1,15.488145248844816,1137.5796905721618
2025-09-15 13:30:00+00:00,VIC1,10.484116262923095,1308.4063434278287
2025-09-15 14:00:00+00:00,VIC1,17.163338901705288,892.7574600260805
2025-09-15 14:30:00+00:00,VIC1,13.187816986283082,467.8970386901001
2025-09-15 15:00:00+00:00,VIC1,13.932182132458315,1243.913154757256
2025-09-15 15:30:00+00:00,VIC1,11.458987908754459,1498.8273211054811
2025-09-15 16:00:00+00:00,VIC1,10.590499982323216,1678.2503756162496
2025-09-15 16:30:00+00:00,VIC1,20.96129030361252,850.9900503422668
2025-09-15 17:00:00+00:00,VIC1,149.00650330251358,1493.5337871341271
2025-09-15 17:30:00+00:00,VIC1,93.59522348234242,1397.256158486809
2025-09-15 18:00:00+00:00,VIC1,70.84136108716773,2081.322044196044
2025-09-15 18:30:00+00:00,VIC1,86.95306296843722,1554.2973021059224
2025-09-15 19:00:00+00:00,VIC1,94.52082769022009,1907.9423471196897
2025-09-15 19:30:00+00:00,VIC1,176.47904305537267,1429.1003715218394
2025-09-15 20:00:00+00:00,VIC1,78.63805355032336,1479.1584807290783
2025-09-15 20:30:00+00:00,VIC1,75.54832071323679,2077.98665299976
2025-09-15 21:00:00+00:00,VIC1,126.06539952253473,1382.3153875866974
2025-09-15 21:30:00+00:00,VIC1,100.09266347032822,1549.2009717801466
2025-09-15 22:00:00+00:00,VIC1,21.67649069224087,586.4797497263016
2025-09-15 22:30:00+00:00,VIC1,15.771918925210507,958.6040784192519
2025-09-15 23:00:00+00:00,VIC1,9.559023923802528,734.1296369697311
2025-09-15 23:30:00+00:00,VIC1,7.992239819440918,1502.399277685884
2025-09-16 00:00:00+00:00,VIC1,26.989463195468964,1142.7927280008207
2025-09-16 00:30:00+00:00,VIC1,20.011845222990935,1030.7045888921557
2025-09-16 01:00:00+00:00,VIC1,13.194512434347438,806.7343605947526
2025-09-16 01:30:00+00:00,VIC1,9.481677579983774,690.146810026481
2025-09-16 02:00:00+00:00,VIC1,19.28081478671418,553.4906856848129
2025-09-16 02:30:00+00:00,VIC1,17.640896893456656,772.3899996101736
2025-09-16 03:00:00+00:00,VIC1,7.104033040308948,557.965659598749
2025-09-16 03:30:00+00:00,VIC1,4.785354545651295,348.37025632162886
2025-09-16 04:00:00+00:00,VIC1,15.084716203546861,284.9342303556332
2025-09-16 04:30:00+00:00,VIC1,19.89074433647184,418.7337274314805
2025-09-16 05:00:00+00:00,VIC1,4.173887655998499,955.7560702753917
2025-09-16 05:30:00+00:00,VIC1,13.443515686792644,544.7310838400763
2025-09-16 06:00:00+00:00,VIC1,17.870429194800003,454.3818572155942
2025-09-16 06:30:00+00:00,VIC1,7.200871756165121,504.26048476833785
2025-09-16 07:00:00+00:00,VIC1,163.22425569460782,2539.011095389118
2025-09-16 07:30:00+00:00,VIC1,77.9668455106482,1265.535779367774
2025-09-16 08:00:00+00:00,VIC1,78.28294316388427,1987.6349250401672
2025-09-16 08:30:00+00:00,VIC1,165.57439393335358,503.58706464196985
2025-09-16 09:00:00+00:00,VIC1,114.36301434292115,1021.526821266676
2025-09-16 09:30:00+00:00,VIC1,130.80729754658955,1809.8915653825734
2025-09-16 10:00:00+00:00,VIC1,9.199323696816577,1022.6207477575917
2025-09-16 10:30:00+00:00,VIC1,12.899841831362359,1317.957240357624
2025-09-16 11:00:00+00:00,VIC1,25.052816150584682,1123.3685514436456
2025-09-16 11:30:00+00:00,VIC1,15.44666969105257,1450.8079406685229
2025-09-16 12:00:00+00:00,VIC1,19.95141540573774,867.1711064766059
2025-09-16 12:30:00+00:00,VIC1,9.350593576816337,720.152529607969
2025-09-16 13:00:00+00:00,VIC1,22.744423369831402,766.377735907462
2025-09-16 13:30:00+00:00,VIC1,17.082878110983927,595.0552234281513
2025-09-16 14:00:00+00:00,VIC1,6.280172483997745,805.7280839334471
2025-09-16 14:30:00+00:00,VIC1,23.87880985465756,1436.9361700663585
2025-09-16 15:00:00+00:00,VIC1,20.59849505957022,1111.52996029715
2025-09-16 15:30:00+00:00,VIC1,11.420113443090031,823.1780842329808
2025-09-16 16:00:00+00:00,VIC1,9.67534342422654,709.5285990636203
2025-09-16 16:30:00+00:00,VIC1,19.996915178899094,1458.2975027248349
2025-09-16 17:00:00+00:00,VIC1,109.92549554194612,1589.812690997751
2025-09-16 17:30:00+00:00,VIC1,143.43865118854012,1664.3947668983437
2025-09-16 18:00:00+00:00,VIC1,132.30914561626,1484.2267259648488
2025-09-16 18:30:00+00:00,VIC1,76.95667053548553,1966.9868839269657
2025-09-16 19:00:00+00:00,VIC1,94.22110822065088,1572.9477828915133
2025-09-16 19:30:00+00:00,VIC1,134.47808529634483,1133.9355034409746
2025-09-16 20:00:00+00:00,VIC1,113.41713488416383,1277.8358092372564
2025-09-16 20:30:00+00:00,VIC1,117.37005014411238,1671.9381386976947
2025-09-16 21:00:00+00:00,VIC1,168.17478302268154,715.7303946431166
2025-09-16 21:30:00+00:00,VIC1,75.95222878564807,1005.7705613734252
2025-09-16 22:00:00+00:00,VIC1,15.036922555925216,846.1378935292105
2025-09-16 22:30:00+00:00,VIC1,19.042182288617397,958.0309523432552
2025-09-16 23:00:00+00:00,VIC1,11.619385300659623,924.7640970860139
2025-09-16 23:30:00+00:00,VIC1,15.46431368809722,1403.7649629986172
2025-09-17 00:00:00+00:00,VIC1,16.447513732754665,769.8202609920427
2025-09-17 00:30:00+00:00,VIC1,17.783494101225024,1015.3104369470202
2025-09-17 01:00:00+00:00,VIC1,14.740890568705403,588.0536018623061
2025-09-17 01:30:00+00:00,VIC1,17.357531082092862,630.3945413010551
2025-09-17 02:00:00+00:00,VIC1,19.510259397931954,469.8177092082515
2025-09-17 02:30:00+00:00,VIC1,6.315857508601326,827.7393689434975
2025-09-17 03:00:00+00:00,VIC1,20.49681113926802,537.7055355781195
2025-09-17 03:30:00+00:00,VIC1,18.746517381650925,495.10475350973866
2025-09-17 04:00:00+00:00,VIC1,13.449823438880763,607.0732953301922
2025-09-17 04:30:00+00:00,VIC1,28.0163555752939,534.0758212894298
2025-09-17 05:00:00+00:00,VIC1,13.050154036404003,509.29537408884335
2025-09-17 05:30:00+00:00,VIC1,13.04577458248157,696.4304092030688
2025-09-17 06:00:00+00:00,VIC1,10.22841938147171,265.52167642767563
2025-09-17 06:30:00+00:00,VIC1,20.58215675186934,694.7450175656941
2025-09-17 07:00:00+00:00,VIC1,178.78620771461647,1505.4996404384638
2025-09-17 07:30:00+00:00,VIC1,89.76512186478547,1078.993781355326
2025-09-17 08:00:00+00:00,VIC1,160.84808679001293,1759.634898909433
2025-09-17 08:30:00+00:00,VIC1,86.189496272883,1254.294113242372
2025-09-17 09:00:00+00:00,VIC1,126.72707143640757,1135.5684765061014
2025-09-17 09:30:00+00:00,VIC1,121.82014279557627,1423.1077054601756
2025-09-17 10:00:00+00:00,VIC1,12.790776640486008,787.1397664464102
2025-09-17 10:30:00+00:00,VIC1,12.102408441257666,780.2152252638098
2025-09-17 11:00:00+00:00,VIC1,14.781681640154353,685.7261929711731
2025-09-17 11:30:00+00:00,VIC1,17.506899526133026,771.263696305652
2025-09-17 12:00:00+00:00,VIC1,10.943909551906266,577.2973519403686
2025-09-17 12:30:00+00:00,VIC1,13.53092325039087,346.88417228770504
2025-09-17 13:00:00+00:00,VIC1,4.898717974301292,1575.2369707816188
2025-09-17 13:30:00+00:00,VIC1,18.103881739194478,889.8614397842657
2025-09-17 14:00:00+00:00,VIC1,13.569649513751429,666.4120153197628
2025-09-17 14:30:00+00:00,VIC1,23.738360204815507,828.4049615149324
2025-09-17 15:00:00+00:00,VIC1,20.259140762050514,1556.770914967139
2025-09-17 15:30:00+00:00,VIC1,23.179747599294487,739.2026732031063
2025-09-17 16:00:00+00:00,VIC1,11.926338756171909,1131.458344023793
2025-09-17 16:30:00+00:00,VIC1,18.970545041560108,942.9381588452088
2025-09-17 17:00:00+00:00,VIC1,91.17410856388307,1455.3933348852534
2025-09-17 17:30:00+00:00,VIC1,114.2988052596408,1140.3338248598611
2025-09-17 18:00:00+00:00,VIC1,74.81832944101781,991.666257604802
2025-09-17 18:30:00+00:00,VIC1,115.18429700290628,1807.0044215934795
2025-09-17 19:00:00+00:00,VIC1,116.97669441372244,1538.2477874977649
2025-09-17 19:30:00+00:00,VIC1,115.41790979218892,2270.419264964299
2025-09-17 20:00:00+00:00,VIC1,68.12093677645285,1174.7759426193097
2025-09-17 20:30:00+00:00,VIC1,106.61276573269862,1098.6103624194002
2025-09-17 21:00:00+00:00,VIC1,104.35399939244887,1114.6141305585697
2025-09-17 21:30:00+00:00,VIC1,190.55735822036888,578.182028944877
2025-09-17 22:00:00+00:00,VIC1,14.958766004557255,1298.6727048374805
2025-09-17 22:30:00+00:00,VIC1,20.23764332541299,1062.199228480912
2025-09-17 23:00:00+00:00,VIC1,15.69994748108234,687.7347461456884
2025-09-17 23:30:00+00:00,VIC1,8.747195814080094,507.0886987470458
2025-09-18 00:00:00+00:00,VIC1,16.838054480386866,595.6366699373066
2025-09-11 00:30:00+00:00,QLD1,16.271931274863526,542.1117619160132
2025-09-11 01:00:00+00:00,QLD1,10.59214137841299,511.54024685267996
2025-09-11 01:30:00+00:00,QLD1,24.414123958237838,634.1886837432394
2025-09-11 02:00:00+00:00,QLD1,15.332334722586488,860.5597899319746
2025-09-11 02:30:00+00:00,QLD1,10.395667824602405,583.1285634196188
2025-09-11 03:00:00+00:00,QLD1,6.619124281563103,736.3123520783329
2025-09-11 03:30:00+00:00,QLD1,15.52507584321311,816.785313971709
2025-09-11 04:00:00+00:00,QLD1,12.05769305356246,720.4711026020086
2025-09-11 04:30:00+00:00,QLD1,16.920515963957712,772.5269035758138
2025-09-11 05:00:00+00:00,QLD1,21.708643520066452,936.8333383548443
2025-09-11 05:30:00+00:00,QLD1,15.072320989490699,481.2966347474412
2025-09-11 06:00:00+00:00,QLD1,24.11980314636935,277.36842822101426
2025-09-11 06:30:00+00:00,QLD1,15.43083752662833,577.6742828485903
2025-09-11 07:00:00+00:00,QLD1,171.0486714431916,1711.1041856220963
2025-09-11 07:30:00+00:00,QLD1,68.17504930185015,1292.0290036720198
2025-09-11 08:00:00+00:00,QLD1,57.87713744767009,1534.3625030649928
2025-09-11 08:30:00+00:00,QLD1,98.66991868763812,1077.3343058503142
2025-09-11 09:00:00+00:00,QLD1,125.41523035282052,1948.0552701166162
2025-09-11 09:30:00+00:00,QLD1,148.56735738938914,1875.8674046856286
2025-09-11 10:00:00+00:00,QLD1,20.525993062970798,1015.7486596606577
2025-09-11 10:30:00+00:00,QLD1,12.911959913373188,914.0674348675948
2025-09-11 11:00:00+00:00,QLD1,24.844174970989414,1004.2601252788754
2025-09-11 11:30:00+00:00,QLD1,12.858855683837483,691.8406650484694
2025-09-11 12:00:00+00:00,QLD1,20.860914021553683,1131.96934436026
2025-09-11 12:30:00+00:00,QLD1,12.392542919551474,671.2719501119564
2025-09-11 13:00:00+00:00,QLD1,16.183361563156147,1095.3142306473483
2025-09-11 13:30:00+00:00,QLD1,21.108454404982695,974.1359115735377
2025-09-11 14:00:00+00:00,QLD1,18.25769139551715,618.8472272149993
2025-09-11 14:30:00+00:00,QLD1,17.52114713446192,1453.37965723028
2025-09-11 15:00:00+00:00,QLD1,12.136911019146417,1058.2032862041033
2025-09-11 15:30:00+00:00,QLD1,22.255153754913977,2115.8011475596886
2025-09-11 16:00:00+00:00,QLD1,24.553540509031585,1036.0958346775424
2025-09-11 16:30:00+00:00,QLD1,18.624130148902744,1916.2359069221284
2025-09-11 17:00:00+00:00,QLD1,145.4604046406778,2355.9407916578584
2025-09-11 17:30:00+00:00,QLD1,67.77274868433128,406.6114031198631
2025-09-11 18:00:00+00:00,QLD1,107.53362927246266,1904.5783739704057
2025-09-11 18:30:00+00:00,QLD1,144.03550130593723,1556.2398242515847
2025-09-11 19:00:00+00:00,QLD1,106.01309365627063,1278.7088509308232
2025-09-11 19:30:00+00:00,QLD1,84.79930930264074,890.1013791381192
2025-09-11 20:00:00+00:00,QLD1,122.62063280412093,2246.593113015515
2025-09-11 20:30:00+00:00,QLD1,108.50150253427189,1911.9246454463446
2025-09-11 21:00:00+00:00,QLD1,163.5469788626482,1826.8711109110845
2025-09-11 21:30:00+00:00,QLD1,108.64696727193125,1048.7919005499298
2025-09-11 22:00:00+00:00,QLD1,8.822678515510418,1015.6526214992027
2025-09-11 22:30:00+00:00,QLD1,8.593289483144744,1408.5034322375905
2025-09-11 23:00:00+00:00,QLD1,11.300403751625431,1025.5800443568196
2025-09-11 23:30:00+00:00,QLD1,17.462664880216245,1378.3696370948219
2025-09-12 00:00:00+00:00,QLD1,19.027224022993927,1376.2535116411545
2025-09-12 00:30:00+00:00,QLD1,16.728197438535986,901.8757961291712
2025-09-12 01:00:00+00:00,QLD1,18.887691347846072,443.79101135992687
2025-09-12 01:30:00+00:00,QLD1,17.116433512687365,234.91812331649908
2025-09-12 02:00:00+00:00,QLD1,9.168788609723535,850.9986761945465
2025-09-12 02:30:00+00:00,QLD1,15.727677917855992,292.69368280549406
2025-09-12 03:00:00+00:00,QLD1,26.444412359018607,900.5193882050507
2025-09-12 03:30:00+00:00,QLD1,21.649552985061554,510.9594347137195
2025-09-12 04:00:00+00:00,QLD1,14.0357002621531,763.1578438053671
2025-09-12 04:30:00+00:00,QLD1,14.924568459345352,1199.2460569406976
2025-09-12 05:00:00+00:00,QLD1,16.049991234192966,440.67642525883093
2025-09-12 05:30:00+00:00,QLD1,10.102941572299038,570.1531483316589
2025-09-12 06:00:00+00:00,QLD1,5.453384559519314,822.1217613988783
2025-09-12 06:30:00+00:00,QLD1,18.495967144114964,983.9879036460734
2025-09-12 07:00:00+00:00,QLD1,84.32568870790405,1818.5549314207183
2025-09-12 07:30:00+00:00,QLD1,77.23695745781258,1000.6191959496173
2025-09-12 08:00:00+00:00,QLD1,59.11325566728478,1150.470404674259
2025-09-12 08:30:00+00:00,QLD1,73.14566687936431,970.4114770303077
2025-09-12 09:00:00+00:00,QLD1,118.75919997540632,1088.0103563062457
2025-09-12 09:30:00+00:00,QLD1,173.67076605435858,1285.922820177022
2025-09-12 10:00:00+00:00,QLD1,19.283561703158398,1008.4951102525047
2025-09-12 10:30:00+00:00,QLD1,12.583319949852708,919.0860400700458
2025-09-12 11:00:00+00:00,QLD1,16.48412054538788,1662.2642566062168
2025-09-12 11:30:00+00:00,QLD1,19.683525822727447,1113.0679635117176
2025-09-12 12:00:00+00:00,QLD1,6.249455810564449,1110.9075613783616
2025-09-12 12:30:00+00:00,QLD1,8.38182412777472,1560.015720853884
2025-09-12 13:00:00+00:00,QLD1,15.126444821827988,285.1763633068422
2025-09-12 13:30:00+00:00,QLD1,15.785941594753915,1677.2778245621985
2025-09-12 14:00:00+00:00,QLD1,19.93102374865532,741.4153654294514
2025-09-12 14:30:00+00:00,QLD1,14.273187534261673,1363.4884249761317
2025-09-12 15:00:00+00:00,QLD1,7.409552345293029,616.7000633741309
2025-09-12 15:30:00+00:00,QLD1,13.338894917299427,779.6821827459553
2025-09-12 16:00:00+00:00,QLD1,17.429669862539058,1228.0013010484063
2025-09-12 16:30:00+00:00,QLD1,8.450334962823696,1541.314850661991
2025-09-12 17:00:00+00:00,QLD1,117.96483510012301,1774.393063651347
2025-09-12 17:30:00+00:00,QLD1,125.8006616592526,1539.3303466506113
2025-09-12 18:00:00+00:00,QLD1,71.03093046139551,1169.2712934307674
2025-09-12 18:30:00+00:00,QLD1,124.18440670396014,1176.5096130740567
2025-09-12 19:00:00+00:00,QLD1,81.26227048132158,1146.5116136642719
2025-09-12 19:30:00+00:00,QLD1,147.99966800320962,1014.4071412309677
2025-09-12 20:00:00+00:00,QLD1,155.54914777389376,1043.4757714929256
2025-09-12 20:30:00+00:00,QLD1,118.02954547352735,1101.7324491048348
2025-09-12 21:00:00+00:00,QLD1,157.5427095597846,1580.632679456623
2025-09-12 21:30:00+00:00,QLD1,60.79826442352103,1634.6453147248212
2025-09-12 22:00:00+00:00,QLD1,20.630142677026512,1190.119497235658
2025-09-12 22:30:00+00:00,QLD1,12.960063821784217,511.0995864842489
2025-09-12 23:00:00+00:00,QLD1,16.152838452860472,1216.2785405203385
2025-09-12 23:30:00+00:00,QLD1,14.44780876860262,1102.3268677507858
2025-09-13 00:00:00+00:00,QLD1,13.667342741328007,905.4855068537627
2025-09-13 00:30:00+00:00,QLD1,13.693222558936036,576.521093552924
2025-09-13 01:00:00+00:00,QLD1,10.814266942682856,695.7973307373859
2025-09-13 01:30:00+00:00,QLD1,10.981261080473374,534.0437217174426
2025-09-13 02:00:00+00:00,QLD1,17.319178818795393,416.19636033434836
2025-09-13 02:30:00+00:00,QLD1,18.518311742193333,784.0427791408974
2025-09-13 03:00:00+00:00,QLD1,11.495986477183656,863.4974121687951
2025-09-13 03:30:00+00:00,QLD1,11.469976104858304,597.8161431284539
2025-09-13 04:00:00+00:00,QLD1,15.265482026775416,613.8302802416301
2025-09-13 04:30:00+00:00,QLD1,4.9758982319584035,655.396516158858
2025-09-13 05:00:00+00:00,QLD1,11.630120398355725,327.08784559910464
2025-09-13 05:30:00+00:00,QLD1,13.460062365687726,318.57692955106904
2025-09-13 06:00:00+00:00,QLD1,13.6116200693031,1222.3619926298852
2025-09-13 06:30:00+00:00,QLD1,9.793689560153972,782.9846825195227
2025-09-13 07:00:00+00:00,QLD1,134.46333261662502,319.8333001037199
2025-09-13 07:30:00+00:00,QLD1,61.61483169509059,1410.4923372738622
2025-09-13 08:00:00+00:00,QLD1,54.16027194460701,1634.7307565405972
2025-09-13 08:30:00+00:00,QLD1,104.79349714406911,1497.9026160041067
2025-09-13 09:00:00+00:00,QLD1,35.27601690752796,161.09212183203636
2025-09-13 09:30:00+00:00,QLD1,106.58538622993163,1181.8652783138787
2025-09-13 10:00:00+00:00,QLD1,10.113586675927621,888.7408603852782
2025-09-13 10:30:00+00:00,QLD1,14.754375247098857,923.4093723685073
2025-09-13 11:00:00+00:00,QLD1,12.295208476977415,797.4578841256534
2025-09-13 11:30:00+00:00,QLD1,8.027823822585304,857.2150262174464
2025-09-13 12:00:00+00:00,QLD1,8.872958230233131,838.662069098049
2025-09-13 12:30:00+00:00,QLD1,14.3147870764221,756.0428703376465
2025-09-13 13:00:00+00:00,QLD1,11.604711676723397,924.2884758484633
2025-09-13 13:30:00+00:00,QLD1,16.15784042063038,1016.4927762814586
2025-09-13 14:00:00+00:00,QLD1,16.671013524255535,482.38325626560163
2025-09-13 14:30:00+00:00,QLD1,13.948308542379863,837.795425141866
2025-09-13 15:00:00+00:00,QLD1,19.586506615885597,481.71262626171574
2025-09-13 15:30:00+00:00,QLD1,11.774265362252017,662.3818176988316
2025-09-13 16:00:00+00:00,QLD1,3.351042906186848,1000.2569045877408
2025-09-13 16:30:00+00:00,QLD1,12.309216989233299,1028.5217675836839
2025-09-13 17:00:00+00:00,QLD1,62.07916944520392,1062.8877659792697
2025-09-13 17:30:00+00:00,QLD1,128.83228693528804,685.1843202676282
2025-09-13 18:00:00+00:00,QLD1,64.91808614592105,811.0138122430508
2025-09-13 18:30:00+00:00,QLD1,101.53289161172562,752.8274552810981
2025-09-13 19:00:00+00:00,QLD1,50.40843767376197,1125.52678913602
2025-09-13 19:30:00+00:00,QLD1,117.76046163382219,1226.560357729748
2025-09-13 20:00:00+00:00,QLD1,40.604823262348944,899.7017253059985
2025-09-13 20:30:00+00:00,QLD1,149.06524632554706,1099.1572409678029
2025-09-13 21:00:00+00:00,QLD1,107.85920763154733,780.1598786743562
2025-09-13 21:30:00+00:00,QLD1,82.42838591306375,2123.604177266944
2025-09-13 22:00:00+00:00,QLD1,4.4475363900834495,1297.8680494894943
2025-09-13 22:30:00+00:00,QLD1,12.722881777617154,73.3670961195221
2025-09-13 23:00:00+00:00,QLD1,17.50322149043194,491.4511687936356
2025-09-13 23:30:00+00:00,QLD1,8.93530886496466,879.0107483193688
2025-09-14 00:00:00+00:00,QLD1,10.22161301408267,891.9609921417523
2025-09-14 00:30:00+00:00,QLD1,9.83481622901256,692.8606910132075
2025-09-14 01:00:00+00:00,QLD1,9.955337033590247,487.197156667386
2025-09-14 01:30:00+00:00,QLD1,10.91555982713124,598.515715723518
2025-09-14 02:00:00+00:00,QLD1,10.727917868212565,7.671613299382898
2025-09-14 02:30:00+00:00,QLD1,23.406493890674973,719.2406183362605
2025-09-14 03:00:00+00:00,QLD1,16.30248153495473,449.84831199807195
2025-09-14 03:30:00+00:00,QLD1,14.108943568639695,457.54134628101247
2025-09-14 04:00:00+00:00,QLD1,14.879709944931577,241.77685657953816
2025-09-14 04:30:00+00:00,QLD1,8.71503382986618,403.57272272563523
2025-09-14 05:00:00+00:00,QLD1,8.5778938596615,518.1978024097357
2025-09-14 05:30:00+00:00,QLD1,11.840171259690642,437.84087100297666
2025-09-14 06:00:00+00:00,QLD1,16.472230694230902,939.7383347464929
2025-09-14 06:30:00+00:00,QLD1,6.688850009577763,739.7691319930755
2025-09-14 07:00:00+00:00,QLD1,74.31066427342708,1789.5089480615306
2025-09-14 07:30:00+00:00,QLD1,57.00354420172289,1289.3682184400504
2025-09-14 08:00:00+00:00,QLD1,80.5116520772194,1487.643906950986
2025-09-14 08:30:00+00:00,QLD1,67.14940710599494,788.9320844873473
2025-09-14 09:00:00+00:00,QLD1,68.17248786751102,1577.5906678046777
2025-09-14 09:30:00+00:00,QLD1,62.27349255245228,885.1183729993954
2025-09-14 10:00:00+00:00,QLD1,10.601036305273588,598.4618119784927
2025-09-14 10:30:00+00:00,QLD1,3.355558888522715,364.9177574855348
2025-09-14 11:00:00+00:00,QLD1,14.200784772050739,1015.10708239832
2025-09-14 11:30:00+00:00,QLD1,12.409812927378532,964.9873760413457
2025-09-14 12:00:00+00:00,QLD1,24.68307203020307,910.3708028051187
2025-09-14 12:30:00+00:00,QLD1,15.298957344205306,617.821438540569
2025-09-14 13:00:00+00:00,QLD1,20.864422845431136,829.608462563011
2025-09-14 13:30:00+00:00,QLD1,11.614546412530615,1475.050507707897
2025-09-14 14:00:00+00:00,QLD1,9.251980979603147,1014.379117198323
2025-09-14 14:30:00+00:00,QLD1,5.38180550148094,613.4158009051016
2025-09-14 15:00:00+00:00,QLD1,15.919486047826773,900.8026974804043
2025-09-14 15:30:00+00:00,QLD1,9.281376747397445,1249.0135672653341
2025-09-14 16:00:00+00:00,QLD1,13.471055782425886,888.591349749373
2025-09-14 16:30:00+00:00,QLD1,13.901147938490809,691.6356023319604
2025-09-14 17:00:00+00:00,QLD1,75.51783320705457,968.9449173998873
2025-09-14 17:30:00+00:00,QLD1,115.92688717680953,1779.8336767379442
2025-09-14 18:00:00+00:00,QLD1,118.36860948247039,1008.6165593647784
2025-09-14 18:30:00+00:00,QLD1,82.30966261258791,1867.107086212658
2025-09-14 19:00:00+00:00,QLD1,89.01137783907731,2011.494982009439
2025-09-14 19:30:00+00:00,QLD1,69.47303791914987,810.399070679654
2025-09-14 20:00:00+00:00,QLD1,47.7039039168034,1342.2486511141997
2025-09-14 20:30:00+00:00,QLD1,75.40182704297789,1598.7575693210838
2025-09-14 21:00:00+00:00,QLD1,96.64098740563531,969.7247909990974
2025-09-14 21:30:00+00:00,QLD1,76.67234244791821,175.82705321964295
2025-09-14 22:00:00+00:00,QLD1,9.351520466715705,986.8836596845613
2025-09-14 22:30:00+00:00,QLD1,9.7552579315116,836.7390598594329
2025-09-14 23:00:00+00:00,QLD1,10.355615906526914,649.8499229251256
2025-09-14 23:30:00+00:00,QLD1,16.100634944343312,595.5944091824131
2025-09-15 00:00:00+00:00,QLD1,1.498941637592047,1004.1943084227632
2025-09-15 00:30:00+00:00,QLD1,21.942097001341182,1472.839055253181
2025-09-15 01:00:00+00:00,QLD1,8.104611149844793,392.74793050434255
2025-09-15 01:30:00+00:00,QLD1,14.27006440014695,771.5236644480019
2025-09-15 02:00:00+00:00,QLD1,14.367056966156909,364.34018727352304
2025-09-15 02:30:00+00:00,QLD1,19.375759136158734,438.1116270010634
2025-09-15 03:00:00+00:00,QLD1,12.61082051993764,529.7540752284021
2025-09-15 03:30:00+00:00,QLD1,16.347421579889307,747.8314760554649
2025-09-15 04:00:00+00:00,QLD1,20.513228519734163,767.4297701631076
2025-09-15 04:30:00+00:00,QLD1,16.738741117532875,299.80106762842024
2025-09-15 05:00:00+00:00,QLD1,15.46395360677122,818.3669345971657
2025-09-15 05:30:00+00:00,QLD1,21.64376341541231,335.15390961790035
2025-09-15 06:00:00+00:00,QLD1,15.657315744344984,1181.2112589483004
2025-09-15 06:30:00+00:00,QLD1,14.04494455068879,672.5751092722376
2025-09-15 07:00:00+00:00,QLD1,113.13794289574564,1556.0212908751455
2025-09-15 07:30:00+00:00,QLD1,102.40765497658846,1192.5148076325859
2025-09-15 08:00:00+00:00,QLD1,115.57599876572627,1279.701412716253
2025-09-15 08:30:00+00:00,QLD1,107.75601597117056,1656.8528788186104
2025-09-15 09:00:00+00:00,QLD1,115.51644815959901,1061.0756875269908
2025-09-15 09:30:00+00:00,QLD1,115.36155790799495,1820.6899650364885
2025-09-15 10:00:00+00:00,QLD1,8.01832230996515,1216.4101851089272
2025-09-15 10:30:00+00:00,QLD1,15.975081366130077,1260.0944335044032
2025-09-15 11:00:00+00:00,QLD1,0.059278028797500326,895.7517104250137
2025-09-15 11:30:00+00:00,QLD1,15.526413244653448,953.6729326403847
2025-09-15 12:00:00+00:00,QLD1,13.649424785806922,1500.995140556537
2025-09-15 12:30:00+00:00,QLD1,11.837329432120619,1508.1034724426218
2025-09-15 13:00:00+00:00,QLD1,11.578376104041531,1781.1851442042398
2025-09-15 13:30:00+00:00,QLD1,17.32658881583233,1375.9300138066374
2025-09-15 14:00:00+00:00,QLD1,7.386156373864615,726.9565788068167
2025-09-15 14:30:00+00:00,QLD1,15.564610367993339,1136.78740340712
2025-09-15 15:00:00+00:00,QLD1,13.199228311316496,1255.8128106249414
2025-09-15 15:30:00+00:00,QLD1,21.56773412948653,1063.7188061850557
2025-09-15 16:00:00+00:00,QLD1,14.26105649375041,1949.3785811416192
2025-09-15 16:30:00+00:00,QLD1,18.599239211435936,1451.3511377453979
2025-09-15 17:00:00+00:00,QLD1,70.32418956139983,856.996209749359
2025-09-15 17:30:00+00:00,QLD1,92.96284298980896,2021.9241380327912
2025-09-15 18:00:00+00:00,QLD1,87.36050221879489,258.78313954284386
2025-09-15 18:30:00+00:00,QLD1,58.78201624480022,1136.9026736675223
2025-09-15 19:00:00+00:00,QLD1,140.8044876238237,1628.0701930361229
2025-09-15 19:30:00+00:00,QLD1,95.86882387507126,1977.9799633940784
2025-09-15 20:00:00+00:00,QLD1,169.55501823796294,1472.976462864688
2025-09-15 20:30:00+00:00,QLD1,107.13477331925026,1944.9296548777238
2025-09-15 21:00:00+00:00,QLD1,75.51319226299844,2121.504702544844
2025-09-15 21:30:00+00:00,QLD1,59.97003008194993,1864.6488351801545
2025-09-15 22:00:00+00:00,QLD1,18.975020253200647,1469.7280964336333
2025-09-15 22:30:00+00:00,QLD1,13.07145398052851,790.8091433303189
2025-09-15 23:00:00+00:00,QLD1,20.9623407835539,1226.0342393828014
2025-09-15 23:30:00+00:00,QLD1,9.994332195662324,1124.1529867041918
2025-09-16 00:00:00+00:00,QLD1,10.13609449023673,1217.0154637476653
2025-09-16 00:30:00+00:00,QLD1,16.122823618495325,928.177145136854
2025-09-16 01:00:00+00:00,QLD1,15.752853864096394,563.347038385853
2025-09-16 01:30:00+00:00,QLD1,25.97290020851912,433.3163236465689
2025-09-16 02:00:00+00:00,QLD1,20.222069382685447,880.8676172034202
2025-09-16 02:30:00+00:00,QLD1,21.204032698236773,751.4806202849331
2025-09-16 03:00:00+00:00,QLD1,16.60635329426252,464.5175039686469
2025-09-16 03:30:00+00:00,QLD1,13.427922956028048,343.52710808715165
2025-09-16 04:00:00+00:00,QLD1,16.111043333869972,849.8930424296582
2025-09-16 04:30:00+00:00,QLD1,16.31293101829519,848.02755621708
2025-09-16 05:00:00+00:00,QLD1,17.24230042809429,820.1618925981738
2025-09-16 05:30:00+00:00,QLD1,9.76876260719532,708.7856645536403
2025-09-16 06:00:00+00:00,QLD1,12.854485986161968,1019.7350783671163
2025-09-16 06:30:00+00:00,QLD1,14.70416636481717,593.7253305381782
2025-09-16 07:00:00+00:00,QLD1,107.55893508313545,975.9734533390492
2025-09-16 07:30:00+00:00,QLD1,175.30143350999538,2204.990839254704
2025-09-16 08:00:00+00:00,QLD1,138.82542957783778,1142.8597782007619
2025-09-16 08:30:00+00:00,QLD1,168.7860360895279,1253.0876091147802
2025-09-16 09:00:00+00:00,QLD1,151.43229558955406,2024.3783902767882
2025-09-16 09:30:00+00:00,QLD1,163.067622202294,1996.346345488817
2025-09-16 10:00:00+00:00,QLD1,21.389624427346725,1359.5355972676143
2025-09-16 10:30:00+00:00,QLD1,13.980439465936186,1583.2239720674588
2025-09-16 11:00:00+00:00,QLD1,11.102305616497361,843.2484856737956
2025-09-16 11:30:00+00:00,QLD1,18.44478880779726,904.229480749671
2025-09-16 12:00:00+00:00,QLD1,18.04751429209513,915.0792661914757
2025-09-16 12:30:00+00:00,QLD1,15.356797791709681,905.258853755864
2025-09-16 13:00:00+00:00,QLD1,6.2571913778331165,1315.2660710317195
2025-09-16 13:30:00+00:00,QLD1,13.744949873877431,1116.689433987338
2025-09-16 14:00:00+00:00,QLD1,8.952017469368108,1072.8244047004137
2025-09-16 14:30:00+00:00,QLD1,13.291466393216957,1153.6699286955309
2025-09-16 15:00:00+00:00,QLD1,17.913798496934305,1464.6997018934753
2025-09-16 15:30:00+00:00,QLD1,12.549912260980385,1144.9792903476746
2025-09-16 16:00:00+00:00,QLD1,5.827931104435983,1389.4550698044832
2025-09-16 16:30:00+00:00,QLD1,13.292620005028667,1185.372453853498
2025-09-16 17:00:00+00:00,QLD1,114.03171272631343,1562.3122199446934
2025-09-16 17:30:00+00:00,QLD1,113.11834093669906,1438.076392926072
2025-09-16 18:00:00+00:00,QLD1,59.85102357695138,1112.8851474990315
2025-09-16 18:30:00+00:00,QLD1,75.08429608478096,1114.0403757504992
2025-09-16 19:00:00+00:00,QLD1,117.61176113640299,1196.1251122182148
2025-09-16 19:30:00+00:00,QLD1,146.24550358447783,1123.5432127789045
2025-09-16 20:00:00+00:00,QLD1,78.74958053949038,475.5185243120213
2025-09-16 20:30:00+00:00,QLD1,143.56460096649414,1700.443039776259
2025-09-16 21:00:00+00:00,QLD1,96.23255282518589,1409.9363810675186
2025-09-16 21:30:00+00:00,QLD1,62.821967386787335,2231.9966355209745
2025-09-16 22:00:00+00:00,QLD1,21.096633147895908,744.5585474521376
2025-09-16 22:30:00+00:00,QLD1,7.067956856972977,1335.8775616016183
2025-09-16 23:00:00+00:00,QLD1,0.5646160555140938,465.4079133612795
2025-09-16 23:30:00+00:00,QLD1,10.79239047682097,582.7285524820127
2025-09-17 00:00:00+00:00,QLD1,12.513539393237195,886.7479368040958
2025-09-17 00:30:00+00:00,QLD1,4.499499678742808,1405.7806682382416
2025-09-17 01:00:00+00:00,QLD1,7.047655913905018,671.3241259594361
2025-09-17 01:30:00+00:00,QLD1,18.252491040479093,622.6354444694898
2025-09-17 02:00:00+00:00,QLD1,24.52790790156358,971.437311527111
2025-09-17 02:30:00+00:00,QLD1,11.596432314538632,557.8847744846589
2025-09-17 03:00:00+00:00,QLD1,11.648606712511928,585.9441751852719
2025-09-17 03:30:00+00:00,QLD1,17.569330317023457,628.0350344880299
2025-09-17 04:00:00+00:00,QLD1,7.475937682932653,727.2450129530898
2025-09-17 04:30:00+00:00,QLD1,16.70949856892669,798.9514118215839
2025-09-17 05:00:00+00:00,QLD1,13.243672169532438,797.1878027756384
2025-09-17 05:30:00+00:00,QLD1,8.785611336183429,841.8284448448899
2025-09-17 06:00:00+00:00,QLD1,14.271996048702974,898.9518192673604
2025-09-17 06:30:00+00:00,QLD1,15.940139823316287,1426.363383987924
2025-09-17 07:00:00+00:00,QLD1,71.95281057241895,750.6355342278794
2025-09-17 07:30:00+00:00,QLD1,137.2207218470878,977.4060744813814
2025-09-17 08:00:00+00:00,QLD1,122.25201051861222,1161.3468060413288
2025-09-17 08:30:00+00:00,QLD1,124.44208446063561,2182.1417859517624
2025-09-17 09:00:00+00:00,QLD1,68.60559164322608,1244.6166330319102
2025-09-17 09:30:00+00:00,QLD1,125.5631344087042,1733.3069093983922
2025-09-17 10:00:00+00:00,QLD1,16.398830136918576,1745.988562673646
2025-09-17 10:30:00+00:00,QLD1,8.03396900408152,906.2165793547365
2025-09-17 11:00:00+00:00,QLD1,13.513909175521015,1056.5336784797846
2025-09-17 11:30:00+00:00,QLD1,14.691526588864662,1481.2522053640168
2025-09-17 12:00:00+00:00,QLD1,12.82139816281795,1262.4144603000568
2025-09-17 12:30:00+00:00,QLD1,19.567337237720352,1517.3288670238398
2025-09-17 13:00:00+00:00,QLD1,14.13153440406937,1096.8219085014225
2025-09-17 13:30:00+00:00,QLD1,10.07092365527533,998.08362448969
2025-09-17 14:00:00+00:00,QLD1,15.307519643503525,788.6329326369478
2025-09-17 14:30:00+00:00,QLD1,17.624290706484643,362.8415488284527
2025-09-17 15:00:00+00:00,QLD1,12.415752659832606,526.3261631829
2025-09-17 15:30:00+00:00,QLD1,13.412742663169418,991.449735611428
2025-09-17 16:00:00+00:00,QLD1,14.817025210099665,745.6395226632876
2025-09-17 16:30:00+00:00,QLD1,20.147900047509587,228.65086979363878
2025-09-17 17:00:00+00:00,QLD1,194.7222372824108,2194.5056993327125
2025-09-17 17:30:00+00:00,QLD1,154.49918284051648,836.3758893595332
2025-09-17 18:00:00+00:00,QLD1,101.56898114423116,1248.984103446095
2025-09-17 18:30:00+00:00,QLD1,138.95941797255458,934.8512445955785
2025-09-17 19:00:00+00:00,QLD1,115.98165474195376,1208.9953865520056
2025-09-17 19:30:00+00:00,QLD1,98.03567003720603,824.5675791870781
2025-09-17 20:00:00+00:00,QLD1,87.035061677976,1149.5961594166674
2025-09-17 20:30:00+00:00,QLD1,76.7109552401448,1857.8279998318158
2025-09-17 21:00:00+00:00,QLD1,107.56346986467146,964.4281906880024
2025-09-17 21:30:00+00:00,QLD1,136.2748736321056,855.3137518385538
2025-09-17 22:00:00+00:00,QLD1,12.08319703492623,1325.2432824748557
2025-09-17 22:30:00+00:00,QLD1,11.797047268270774,1120.7900796140602
2025-09-17 23:00:00+00:00,QLD1,20.26219227089493,1049.340012237296
2025-09-17 23:30:00+00:00,QLD1,11.945962748741401,1252.6216535955919
2025-09-18 00:00:00+00:00,QLD1,21.308342861069278,1456.5114220122769
